modality,variable,raw_p,alpha_fw,margin_vs_alpha_fw,fold_above_best_in_family,interpretation
RESP,ahi,0.0011373251952856,0.0016666666666666668,0.6823951171713599,1.0,DETECTS_AT_FWER
MULTI,ahi,0.0143391413824239,0.0016666666666666668,8.60348482945434,12.607776071313639,NEAR_THRESHOLD
EMG,ahi,0.0248423632076803,0.0016666666666666668,14.905417924608178,21.842796862899004,FAR_FROM_THRESHOLD
EKG,ahi,0.0392735924728411,0.0016666666666666668,23.56415548370466,34.53154175748203,FAR_FROM_THRESHOLD
BAS,ahi,0.7982733954492204,0.0016666666666666668,478.9640372695322,701.8866712512788,FAR_FROM_THRESHOLD
RESP,odi3,0.0011675434907698,0.0016666666666666668,0.70052609446188,1.0,DETECTS_AT_FWER
MULTI,odi3,0.0090439063730463,0.0016666666666666668,5.4263438238277795,7.746098063621898,NEAR_THRESHOLD
EMG,odi3,0.0208231029199365,0.0016666666666666668,12.4938617519619,17.834969818732098,FAR_FROM_THRESHOLD
EKG,odi3,0.0452252091637914,0.0016666666666666668,27.13512549827484,38.7353529194642,FAR_FROM_THRESHOLD
BAS,odi3,0.8795870749082818,0.0016666666666666668,527.7522449449691,753.3655764106405,FAR_FROM_THRESHOLD
