cluster,N1,N2,N3,REM,Wake
-1,11,76,15,36,135
0,0,0,0,0,43
1,0,43,6,12,7
2,6,54,0,15,0
3,0,0,0,0,55
4,0,0,0,0,58
5,9,69,12,22,45
6,0,0,0,0,61
7,1,24,0,3,27
8,0,23,0,9,10
9,0,0,0,0,63
10,0,0,0,0,38
11,0,5,3,0,39
12,0,9,4,0,22
13,6,33,1,7,96
14,2,30,18,7,40
15,6,29,3,13,31
16,2,17,0,11,33
17,3,43,1,8,11
18,5,39,8,11,29
19,0,35,0,14,4
20,3,10,0,5,12
21,3,63,11,10,5
22,3,68,7,17,31
23,5,61,6,24,9
24,6,21,1,7,7
25,3,1,0,0,45
26,0,12,4,4,21
27,2,8,3,10,25
28,0,29,4,4,1
29,0,14,10,8,2
30,1,5,1,2,21
31,1,33,13,16,35
32,1,28,14,7,15
