cluster,size,n_unique_subjects,top_subject,top_subject_share
-1,319,19,REDACTED,0.11912225705329153
0,33,1,REDACTED,1.0
1,77,1,0050,1.0
2,53,11,REDACTED,0.660377358490566
3,73,6,REDACTED,0.6575342465753424
4,166,18,REDACTED,0.3072289156626506
5,61,8,REDACTED,0.29508196721311475
6,82,6,REDACTED,0.8048780487804879
7,62,6,REDACTED,0.8870967741935484
8,211,11,REDACTED,0.25118483412322273
9,94,4,0033,0.6170212765957447
10,74,5,0036,0.7837837837837838
11,78,15,REDACTED,0.19230769230769232
12,171,11,REDACTED,0.4152046783625731
13,125,15,REDACTED,0.248
14,32,12,REDACTED,0.15625
15,178,16,REDACTED,0.21910112359550563
16,43,8,REDACTED,0.2558139534883721
17,43,2,REDACTED,0.9767441860465116
18,192,14,REDACTED,0.24479166666666666
19,113,10,REDACTED,0.24778761061946902
20,184,12,REDACTED,0.19021739130434784
