modality,variable,raw_p,bonferroni_p,bh_fdr_p,reject_bonferroni,reject_fdr
BAS,age,0.1689870471649475,1.0,0.39816471801594927,False,False
BAS,bmi,0.9718542911488998,1.0,1.0,False,False
BAS,ahi,0.6221630706921799,1.0,0.751780377086384,False,False
BAS,ahi_obs,0.548074296132629,1.0,0.7224615721748292,False,False
BAS,odi3,0.7036374181450379,1.0,0.816219405048244,False,False
BAS,sex,0.7556805947385092,1.0,0.8428745095160295,False,False
RESP,age,0.4315692464918252,1.0,0.7200973587628742,False,False
RESP,bmi,0.509363648566034,1.0,0.7200973587628742,False,False
RESP,ahi,0.1376458455182645,1.0,0.39816471801594927,False,False
RESP,ahi_obs,0.1269032501301103,1.0,0.39816471801594927,False,False
RESP,odi3,0.1605295351439189,1.0,0.39816471801594927,False,False
RESP,sex,1.0,1.0,1.0,False,False
EKG,age,0.195227024047893,1.0,0.39816471801594927,False,False
EKG,bmi,0.1441608776915267,1.0,0.39816471801594927,False,False
EKG,ahi,0.4624988950511444,1.0,0.7200973587628742,False,False
EKG,ahi_obs,0.4537732770120327,1.0,0.7200973587628742,False,False
EKG,odi3,0.5190776697134755,1.0,0.7200973587628742,False,False
EKG,sex,0.9640327261783456,1.0,1.0,False,False
EMG,age,0.1883307235616765,1.0,0.39816471801594927,False,False
EMG,bmi,0.0191966548710331,0.5567029912599599,0.39816471801594927,False,False
EMG,ahi,0.2059472679392841,1.0,0.39816471801594927,False,False
EMG,ahi_obs,0.171290864721069,1.0,0.39816471801594927,False,False
EMG,sex,0.5214498115179433,1.0,0.7200973587628742,False,False
MULTI,age,0.1166894168769531,1.0,0.39816471801594927,False,False
MULTI,bmi,0.0322616521167695,0.9355879113863155,0.39816471801594927,False,False
MULTI,ahi,0.0878765887902905,1.0,0.39816471801594927,False,False
MULTI,ahi_obs,0.0731772185555985,1.0,0.39816471801594927,False,False
MULTI,odi3,0.0963180786580103,1.0,0.39816471801594927,False,False
MULTI,sex,0.5763353505600175,1.0,0.726683702880022,False,False
