bootstrap,subsample_size,n_clusters,n_noise,noise_fraction,modality
0,80,19,4,0.05,BAS
1,80,24,3,0.0375,BAS
2,80,21,0,0.0,BAS
3,80,24,1,0.0125,BAS
4,80,20,4,0.05,BAS
5,80,19,4,0.05,BAS
6,80,23,2,0.025,BAS
7,80,25,8,0.1,BAS
8,80,22,2,0.025,BAS
9,80,17,1,0.0125,BAS
10,80,21,4,0.05,BAS
11,80,22,11,0.1375,BAS
12,80,23,4,0.05,BAS
13,80,27,5,0.0625,BAS
14,80,20,6,0.075,BAS
15,80,22,6,0.075,BAS
16,80,25,5,0.0625,BAS
17,80,20,3,0.0375,BAS
18,80,24,8,0.1,BAS
19,80,21,5,0.0625,BAS
20,80,22,2,0.025,BAS
21,80,27,2,0.025,BAS
22,80,25,7,0.0875,BAS
23,80,25,6,0.075,BAS
24,80,21,4,0.05,BAS
25,80,26,4,0.05,BAS
26,80,23,5,0.0625,BAS
27,80,24,4,0.05,BAS
28,80,28,3,0.0375,BAS
29,80,28,3,0.0375,BAS
30,80,20,1,0.0125,BAS
31,80,23,4,0.05,BAS
32,80,29,2,0.025,BAS
33,80,22,2,0.025,BAS
34,80,20,6,0.075,BAS
35,80,27,6,0.075,BAS
36,80,25,9,0.1125,BAS
37,80,20,2,0.025,BAS
38,80,22,6,0.075,BAS
39,80,23,3,0.0375,BAS
40,80,18,5,0.0625,BAS
41,80,26,4,0.05,BAS
42,80,23,5,0.0625,BAS
43,80,23,5,0.0625,BAS
44,80,24,10,0.125,BAS
45,80,24,1,0.0125,BAS
46,80,24,3,0.0375,BAS
47,80,26,5,0.0625,BAS
48,80,22,5,0.0625,BAS
49,80,22,4,0.05,BAS
50,80,23,1,0.0125,BAS
51,80,23,5,0.0625,BAS
52,80,25,3,0.0375,BAS
53,80,23,6,0.075,BAS
54,80,24,1,0.0125,BAS
55,80,24,7,0.0875,BAS
56,80,20,2,0.025,BAS
57,80,24,0,0.0,BAS
58,80,22,4,0.05,BAS
59,80,21,5,0.0625,BAS
60,80,24,4,0.05,BAS
61,80,24,1,0.0125,BAS
62,80,29,7,0.0875,BAS
63,80,22,1,0.0125,BAS
64,80,24,2,0.025,BAS
65,80,18,3,0.0375,BAS
66,80,26,4,0.05,BAS
67,80,27,7,0.0875,BAS
68,80,20,5,0.0625,BAS
69,80,23,3,0.0375,BAS
70,80,20,6,0.075,BAS
71,80,22,5,0.0625,BAS
72,80,27,4,0.05,BAS
73,80,26,2,0.025,BAS
74,80,21,7,0.0875,BAS
75,80,22,2,0.025,BAS
76,80,23,1,0.0125,BAS
77,80,24,5,0.0625,BAS
78,80,25,7,0.0875,BAS
79,80,25,4,0.05,BAS
80,80,24,6,0.075,BAS
81,80,25,6,0.075,BAS
82,80,22,5,0.0625,BAS
83,80,25,6,0.075,BAS
84,80,18,5,0.0625,BAS
85,80,24,3,0.0375,BAS
86,80,25,4,0.05,BAS
87,80,21,6,0.075,BAS
88,80,26,3,0.0375,BAS
89,80,27,8,0.1,BAS
90,80,18,1,0.0125,BAS
91,80,26,6,0.075,BAS
92,80,19,1,0.0125,BAS
93,80,22,3,0.0375,BAS
94,80,27,3,0.0375,BAS
95,80,21,5,0.0625,BAS
96,80,25,7,0.0875,BAS
97,80,26,5,0.0625,BAS
98,80,24,7,0.0875,BAS
99,80,24,8,0.1,BAS
100,80,24,3,0.0375,BAS
101,80,24,3,0.0375,BAS
102,80,22,2,0.025,BAS
103,80,23,5,0.0625,BAS
104,80,23,3,0.0375,BAS
105,80,25,5,0.0625,BAS
106,80,19,3,0.0375,BAS
107,80,26,5,0.0625,BAS
108,80,26,4,0.05,BAS
109,80,24,8,0.1,BAS
110,80,30,4,0.05,BAS
111,80,23,5,0.0625,BAS
112,80,26,3,0.0375,BAS
113,80,23,4,0.05,BAS
114,80,20,5,0.0625,BAS
115,80,22,3,0.0375,BAS
116,80,19,1,0.0125,BAS
117,80,24,4,0.05,BAS
118,80,28,4,0.05,BAS
119,80,18,4,0.05,BAS
120,80,24,7,0.0875,BAS
121,80,21,3,0.0375,BAS
122,80,20,6,0.075,BAS
123,80,28,9,0.1125,BAS
124,80,18,1,0.0125,BAS
125,80,21,1,0.0125,BAS
126,80,24,5,0.0625,BAS
127,80,21,3,0.0375,BAS
128,80,24,10,0.125,BAS
129,80,27,6,0.075,BAS
130,80,26,5,0.0625,BAS
131,80,24,4,0.05,BAS
132,80,23,3,0.0375,BAS
133,80,19,2,0.025,BAS
134,80,23,5,0.0625,BAS
135,80,21,4,0.05,BAS
136,80,19,5,0.0625,BAS
137,80,25,3,0.0375,BAS
138,80,28,4,0.05,BAS
139,80,23,6,0.075,BAS
140,80,22,2,0.025,BAS
141,80,15,2,0.025,BAS
142,80,25,3,0.0375,BAS
143,80,28,9,0.1125,BAS
144,80,26,3,0.0375,BAS
145,80,20,1,0.0125,BAS
146,80,20,5,0.0625,BAS
147,80,24,2,0.025,BAS
148,80,25,5,0.0625,BAS
149,80,21,5,0.0625,BAS
150,80,26,6,0.075,BAS
151,80,22,3,0.0375,BAS
152,80,24,4,0.05,BAS
153,80,23,7,0.0875,BAS
154,80,22,10,0.125,BAS
155,80,26,7,0.0875,BAS
156,80,26,1,0.0125,BAS
157,80,24,4,0.05,BAS
158,80,22,6,0.075,BAS
159,80,29,3,0.0375,BAS
160,80,24,6,0.075,BAS
161,80,23,4,0.05,BAS
162,80,23,3,0.0375,BAS
163,80,24,6,0.075,BAS
164,80,23,7,0.0875,BAS
165,80,26,6,0.075,BAS
166,80,19,4,0.05,BAS
167,80,23,3,0.0375,BAS
168,80,22,2,0.025,BAS
169,80,21,5,0.0625,BAS
170,80,22,0,0.0,BAS
171,80,24,5,0.0625,BAS
172,80,20,6,0.075,BAS
173,80,25,2,0.025,BAS
174,80,21,4,0.05,BAS
175,80,26,6,0.075,BAS
176,80,25,3,0.0375,BAS
177,80,24,9,0.1125,BAS
178,80,22,6,0.075,BAS
179,80,27,4,0.05,BAS
180,80,26,1,0.0125,BAS
181,80,20,2,0.025,BAS
182,80,26,3,0.0375,BAS
183,80,21,3,0.0375,BAS
184,80,23,2,0.025,BAS
185,80,23,3,0.0375,BAS
186,80,22,2,0.025,BAS
187,80,22,2,0.025,BAS
188,80,23,4,0.05,BAS
189,80,23,6,0.075,BAS
190,80,24,3,0.0375,BAS
191,80,20,4,0.05,BAS
192,80,20,7,0.0875,BAS
193,80,24,7,0.0875,BAS
194,80,23,4,0.05,BAS
195,80,23,2,0.025,BAS
196,80,25,1,0.0125,BAS
197,80,26,4,0.05,BAS
198,80,21,3,0.0375,BAS
199,80,22,4,0.05,BAS
0,80,16,4,0.05,RESP
1,80,21,6,0.075,RESP
2,80,20,1,0.0125,RESP
3,80,19,1,0.0125,RESP
4,80,24,9,0.1125,RESP
5,80,22,3,0.0375,RESP
6,80,20,2,0.025,RESP
7,80,19,6,0.075,RESP
8,80,24,6,0.075,RESP
9,80,26,4,0.05,RESP
10,80,19,4,0.05,RESP
11,80,24,2,0.025,RESP
12,80,19,1,0.0125,RESP
13,80,24,3,0.0375,RESP
14,80,18,2,0.025,RESP
15,80,22,4,0.05,RESP
16,80,24,4,0.05,RESP
17,80,24,2,0.025,RESP
18,80,17,5,0.0625,RESP
19,80,17,5,0.0625,RESP
20,80,23,3,0.0375,RESP
21,80,15,0,0.0,RESP
22,80,21,3,0.0375,RESP
23,80,24,5,0.0625,RESP
24,80,25,7,0.0875,RESP
25,80,24,4,0.05,RESP
26,80,22,4,0.05,RESP
27,80,21,3,0.0375,RESP
28,80,23,3,0.0375,RESP
29,80,21,6,0.075,RESP
30,80,21,8,0.1,RESP
31,80,25,3,0.0375,RESP
32,80,21,7,0.0875,RESP
33,80,19,4,0.05,RESP
34,80,19,6,0.075,RESP
35,80,24,11,0.1375,RESP
36,80,17,3,0.0375,RESP
37,80,24,3,0.0375,RESP
38,80,17,6,0.075,RESP
39,80,20,4,0.05,RESP
40,80,24,2,0.025,RESP
41,80,25,7,0.0875,RESP
42,80,25,3,0.0375,RESP
43,80,19,10,0.125,RESP
44,80,21,7,0.0875,RESP
45,80,26,4,0.05,RESP
46,80,24,4,0.05,RESP
47,80,24,2,0.025,RESP
48,80,18,1,0.0125,RESP
49,80,17,3,0.0375,RESP
50,80,17,2,0.025,RESP
51,80,25,4,0.05,RESP
52,80,23,6,0.075,RESP
53,80,20,6,0.075,RESP
54,80,28,6,0.075,RESP
55,80,24,3,0.0375,RESP
56,80,27,3,0.0375,RESP
57,80,17,3,0.0375,RESP
58,80,21,2,0.025,RESP
59,80,21,6,0.075,RESP
60,80,16,3,0.0375,RESP
61,80,20,2,0.025,RESP
62,80,20,8,0.1,RESP
63,80,21,1,0.0125,RESP
64,80,18,1,0.0125,RESP
65,80,23,8,0.1,RESP
66,80,17,3,0.0375,RESP
67,80,27,6,0.075,RESP
68,80,20,7,0.0875,RESP
69,80,17,2,0.025,RESP
70,80,20,3,0.0375,RESP
71,80,19,4,0.05,RESP
72,80,21,4,0.05,RESP
73,80,21,4,0.05,RESP
74,80,16,4,0.05,RESP
75,80,16,2,0.025,RESP
76,80,19,2,0.025,RESP
77,80,21,9,0.1125,RESP
78,80,24,7,0.0875,RESP
79,80,21,4,0.05,RESP
80,80,21,4,0.05,RESP
81,80,24,7,0.0875,RESP
82,80,18,3,0.0375,RESP
83,80,18,2,0.025,RESP
84,80,23,3,0.0375,RESP
85,80,25,0,0.0,RESP
86,80,24,9,0.1125,RESP
87,80,17,6,0.075,RESP
88,80,23,7,0.0875,RESP
89,80,20,3,0.0375,RESP
90,80,19,4,0.05,RESP
91,80,21,5,0.0625,RESP
92,80,22,6,0.075,RESP
93,80,21,3,0.0375,RESP
94,80,17,4,0.05,RESP
95,80,22,4,0.05,RESP
96,80,23,5,0.0625,RESP
97,80,21,7,0.0875,RESP
98,80,23,2,0.025,RESP
99,80,23,4,0.05,RESP
100,80,21,1,0.0125,RESP
101,80,21,6,0.075,RESP
102,80,18,3,0.0375,RESP
103,80,23,5,0.0625,RESP
104,80,26,3,0.0375,RESP
105,80,21,3,0.0375,RESP
106,80,26,3,0.0375,RESP
107,80,20,8,0.1,RESP
108,80,24,7,0.0875,RESP
109,80,25,3,0.0375,RESP
110,80,17,4,0.05,RESP
111,80,22,4,0.05,RESP
112,80,20,8,0.1,RESP
113,80,21,7,0.0875,RESP
114,80,18,4,0.05,RESP
115,80,20,7,0.0875,RESP
116,80,21,4,0.05,RESP
117,80,22,5,0.0625,RESP
118,80,24,6,0.075,RESP
119,80,21,3,0.0375,RESP
120,80,24,6,0.075,RESP
121,80,18,5,0.0625,RESP
122,80,17,3,0.0375,RESP
123,80,23,6,0.075,RESP
124,80,22,4,0.05,RESP
125,80,22,4,0.05,RESP
126,80,21,5,0.0625,RESP
127,80,20,4,0.05,RESP
128,80,21,3,0.0375,RESP
129,80,23,6,0.075,RESP
130,80,17,1,0.0125,RESP
131,80,20,7,0.0875,RESP
132,80,21,5,0.0625,RESP
133,80,23,8,0.1,RESP
134,80,22,6,0.075,RESP
135,80,19,2,0.025,RESP
136,80,24,6,0.075,RESP
137,80,23,2,0.025,RESP
138,80,19,2,0.025,RESP
139,80,17,9,0.1125,RESP
140,80,19,4,0.05,RESP
141,80,25,2,0.025,RESP
142,80,21,4,0.05,RESP
143,80,21,3,0.0375,RESP
144,80,24,5,0.0625,RESP
145,80,20,5,0.0625,RESP
146,80,24,3,0.0375,RESP
147,80,23,5,0.0625,RESP
148,80,19,3,0.0375,RESP
149,80,21,6,0.075,RESP
150,80,20,7,0.0875,RESP
151,80,22,3,0.0375,RESP
152,80,23,5,0.0625,RESP
153,80,22,3,0.0375,RESP
154,80,18,3,0.0375,RESP
155,80,22,7,0.0875,RESP
156,80,23,10,0.125,RESP
157,80,20,3,0.0375,RESP
158,80,20,4,0.05,RESP
159,80,22,4,0.05,RESP
160,80,21,2,0.025,RESP
161,80,20,3,0.0375,RESP
162,80,26,1,0.0125,RESP
163,80,24,6,0.075,RESP
164,80,18,4,0.05,RESP
165,80,20,7,0.0875,RESP
166,80,21,7,0.0875,RESP
167,80,17,5,0.0625,RESP
168,80,21,8,0.1,RESP
169,80,22,3,0.0375,RESP
170,80,22,2,0.025,RESP
171,80,25,6,0.075,RESP
172,80,17,2,0.025,RESP
173,80,24,3,0.0375,RESP
174,80,19,2,0.025,RESP
175,80,24,2,0.025,RESP
176,80,19,3,0.0375,RESP
177,80,21,4,0.05,RESP
178,80,22,1,0.0125,RESP
179,80,20,4,0.05,RESP
180,80,22,4,0.05,RESP
181,80,21,4,0.05,RESP
182,80,21,1,0.0125,RESP
183,80,24,8,0.1,RESP
184,80,19,2,0.025,RESP
185,80,24,3,0.0375,RESP
186,80,20,3,0.0375,RESP
187,80,23,5,0.0625,RESP
188,80,21,8,0.1,RESP
189,80,18,3,0.0375,RESP
190,80,24,8,0.1,RESP
191,80,18,4,0.05,RESP
192,80,23,3,0.0375,RESP
193,80,25,6,0.075,RESP
194,80,21,6,0.075,RESP
195,80,22,5,0.0625,RESP
196,80,22,4,0.05,RESP
197,80,21,1,0.0125,RESP
198,80,18,5,0.0625,RESP
199,80,20,3,0.0375,RESP
0,80,20,4,0.05,EKG
1,80,17,10,0.125,EKG
2,80,23,2,0.025,EKG
3,80,19,1,0.0125,EKG
4,80,25,6,0.075,EKG
5,80,20,3,0.0375,EKG
6,80,22,1,0.0125,EKG
7,80,23,4,0.05,EKG
8,80,21,2,0.025,EKG
9,80,22,5,0.0625,EKG
10,80,24,6,0.075,EKG
11,80,18,3,0.0375,EKG
12,80,25,5,0.0625,EKG
13,80,24,5,0.0625,EKG
14,80,20,4,0.05,EKG
15,80,18,6,0.075,EKG
16,80,27,4,0.05,EKG
17,80,26,2,0.025,EKG
18,80,21,5,0.0625,EKG
19,80,20,5,0.0625,EKG
20,80,27,5,0.0625,EKG
21,80,25,11,0.1375,EKG
22,80,24,9,0.1125,EKG
23,80,25,9,0.1125,EKG
24,80,22,2,0.025,EKG
25,80,18,2,0.025,EKG
26,80,22,0,0.0,EKG
27,80,23,4,0.05,EKG
28,80,21,2,0.025,EKG
29,80,22,3,0.0375,EKG
30,80,21,5,0.0625,EKG
31,80,21,6,0.075,EKG
32,80,22,4,0.05,EKG
33,80,27,6,0.075,EKG
34,80,23,1,0.0125,EKG
35,80,18,4,0.05,EKG
36,80,21,5,0.0625,EKG
37,80,27,6,0.075,EKG
38,80,23,2,0.025,EKG
39,80,27,5,0.0625,EKG
40,80,23,8,0.1,EKG
41,80,22,6,0.075,EKG
42,80,25,1,0.0125,EKG
43,80,24,4,0.05,EKG
44,80,23,4,0.05,EKG
45,80,23,6,0.075,EKG
46,80,11,2,0.025,EKG
47,80,21,10,0.125,EKG
48,80,21,3,0.0375,EKG
49,80,27,4,0.05,EKG
50,80,25,3,0.0375,EKG
51,80,21,4,0.05,EKG
52,80,25,3,0.0375,EKG
53,80,15,2,0.025,EKG
54,80,20,7,0.0875,EKG
55,80,19,7,0.0875,EKG
56,80,26,7,0.0875,EKG
57,80,23,7,0.0875,EKG
58,80,22,7,0.0875,EKG
59,80,20,4,0.05,EKG
60,80,17,4,0.05,EKG
61,80,25,4,0.05,EKG
62,80,23,7,0.0875,EKG
63,80,17,2,0.025,EKG
64,80,25,0,0.0,EKG
65,80,23,10,0.125,EKG
66,80,24,2,0.025,EKG
67,80,24,3,0.0375,EKG
68,80,24,6,0.075,EKG
69,80,22,5,0.0625,EKG
70,80,24,1,0.0125,EKG
71,80,22,7,0.0875,EKG
72,80,22,1,0.0125,EKG
73,80,22,6,0.075,EKG
74,80,22,6,0.075,EKG
75,80,19,3,0.0375,EKG
76,80,26,1,0.0125,EKG
77,80,17,3,0.0375,EKG
78,80,21,4,0.05,EKG
79,80,25,2,0.025,EKG
80,80,25,2,0.025,EKG
81,80,27,3,0.0375,EKG
82,80,21,4,0.05,EKG
83,80,27,5,0.0625,EKG
84,80,27,7,0.0875,EKG
85,80,19,3,0.0375,EKG
86,80,22,5,0.0625,EKG
87,80,25,7,0.0875,EKG
88,80,23,6,0.075,EKG
89,80,26,3,0.0375,EKG
90,80,22,2,0.025,EKG
91,80,25,10,0.125,EKG
92,80,24,6,0.075,EKG
93,80,24,2,0.025,EKG
94,80,20,2,0.025,EKG
95,80,17,4,0.05,EKG
96,80,18,4,0.05,EKG
97,80,19,6,0.075,EKG
98,80,23,2,0.025,EKG
99,80,24,5,0.0625,EKG
100,80,25,4,0.05,EKG
101,80,21,3,0.0375,EKG
102,80,26,2,0.025,EKG
103,80,23,6,0.075,EKG
104,80,23,7,0.0875,EKG
105,80,25,5,0.0625,EKG
106,80,21,6,0.075,EKG
107,80,22,4,0.05,EKG
108,80,19,8,0.1,EKG
109,80,23,5,0.0625,EKG
110,80,24,7,0.0875,EKG
111,80,25,5,0.0625,EKG
112,80,27,4,0.05,EKG
113,80,24,4,0.05,EKG
114,80,19,3,0.0375,EKG
115,80,24,5,0.0625,EKG
116,80,21,4,0.05,EKG
117,80,23,3,0.0375,EKG
118,80,22,4,0.05,EKG
119,80,24,5,0.0625,EKG
120,80,25,5,0.0625,EKG
121,80,26,6,0.075,EKG
122,80,24,4,0.05,EKG
123,80,23,6,0.075,EKG
124,80,22,10,0.125,EKG
125,80,23,4,0.05,EKG
126,80,23,1,0.0125,EKG
127,80,22,6,0.075,EKG
128,80,24,0,0.0,EKG
129,80,25,4,0.05,EKG
130,80,24,7,0.0875,EKG
131,80,22,8,0.1,EKG
132,80,23,6,0.075,EKG
133,80,22,4,0.05,EKG
134,80,23,5,0.0625,EKG
135,80,21,2,0.025,EKG
136,80,21,4,0.05,EKG
137,80,26,2,0.025,EKG
138,80,23,2,0.025,EKG
139,80,22,9,0.1125,EKG
140,80,25,7,0.0875,EKG
141,80,22,4,0.05,EKG
142,80,24,4,0.05,EKG
143,80,22,5,0.0625,EKG
144,80,22,6,0.075,EKG
145,80,20,3,0.0375,EKG
146,80,22,4,0.05,EKG
147,80,26,1,0.0125,EKG
148,80,21,8,0.1,EKG
149,80,21,6,0.075,EKG
150,80,28,5,0.0625,EKG
151,80,22,7,0.0875,EKG
152,80,25,7,0.0875,EKG
153,80,23,2,0.025,EKG
154,80,25,4,0.05,EKG
155,80,23,2,0.025,EKG
156,80,25,2,0.025,EKG
157,80,26,5,0.0625,EKG
158,80,23,6,0.075,EKG
159,80,17,1,0.0125,EKG
160,80,21,6,0.075,EKG
161,80,25,4,0.05,EKG
162,80,20,1,0.0125,EKG
163,80,27,5,0.0625,EKG
164,80,23,6,0.075,EKG
165,80,23,6,0.075,EKG
166,80,25,5,0.0625,EKG
167,80,18,6,0.075,EKG
168,80,28,4,0.05,EKG
169,80,21,5,0.0625,EKG
170,80,22,3,0.0375,EKG
171,80,18,7,0.0875,EKG
172,80,28,1,0.0125,EKG
173,80,23,1,0.0125,EKG
174,80,21,4,0.05,EKG
175,80,20,3,0.0375,EKG
176,80,26,5,0.0625,EKG
177,80,21,6,0.075,EKG
178,80,22,2,0.025,EKG
179,80,21,3,0.0375,EKG
180,80,25,3,0.0375,EKG
181,80,25,3,0.0375,EKG
182,80,18,2,0.025,EKG
183,80,24,6,0.075,EKG
184,80,29,4,0.05,EKG
185,80,20,8,0.1,EKG
186,80,20,7,0.0875,EKG
187,80,24,5,0.0625,EKG
188,80,19,3,0.0375,EKG
189,80,30,4,0.05,EKG
190,80,24,7,0.0875,EKG
191,80,26,9,0.1125,EKG
192,80,20,3,0.0375,EKG
193,80,25,5,0.0625,EKG
194,80,24,2,0.025,EKG
195,80,26,6,0.075,EKG
196,80,21,3,0.0375,EKG
197,80,21,3,0.0375,EKG
198,80,24,7,0.0875,EKG
199,80,19,5,0.0625,EKG
0,80,18,3,0.0375,EMG
1,80,21,2,0.025,EMG
2,80,24,4,0.05,EMG
3,80,21,6,0.075,EMG
4,80,22,5,0.0625,EMG
5,80,21,2,0.025,EMG
6,80,24,10,0.125,EMG
7,80,25,6,0.075,EMG
8,80,17,1,0.0125,EMG
9,80,20,3,0.0375,EMG
10,80,19,1,0.0125,EMG
11,80,18,6,0.075,EMG
12,80,23,2,0.025,EMG
13,80,18,5,0.0625,EMG
14,80,23,3,0.0375,EMG
15,80,20,4,0.05,EMG
16,80,26,2,0.025,EMG
17,80,19,3,0.0375,EMG
18,80,19,5,0.0625,EMG
19,80,25,4,0.05,EMG
20,80,25,7,0.0875,EMG
21,80,22,4,0.05,EMG
22,80,26,3,0.0375,EMG
23,80,27,3,0.0375,EMG
24,80,23,9,0.1125,EMG
25,80,23,4,0.05,EMG
26,80,25,2,0.025,EMG
27,80,26,4,0.05,EMG
28,80,23,6,0.075,EMG
29,80,17,2,0.025,EMG
30,80,24,2,0.025,EMG
31,80,22,5,0.0625,EMG
32,80,21,3,0.0375,EMG
33,80,18,2,0.025,EMG
34,80,27,7,0.0875,EMG
35,80,20,4,0.05,EMG
36,80,21,3,0.0375,EMG
37,80,18,5,0.0625,EMG
38,80,21,3,0.0375,EMG
39,80,21,0,0.0,EMG
40,80,20,1,0.0125,EMG
41,80,24,2,0.025,EMG
42,80,20,2,0.025,EMG
43,80,24,5,0.0625,EMG
44,80,21,1,0.0125,EMG
45,80,13,1,0.0125,EMG
46,80,21,2,0.025,EMG
47,80,20,3,0.0375,EMG
48,80,21,8,0.1,EMG
49,80,20,2,0.025,EMG
50,80,19,5,0.0625,EMG
51,80,19,2,0.025,EMG
52,80,21,6,0.075,EMG
53,80,27,4,0.05,EMG
54,80,24,3,0.0375,EMG
55,80,27,3,0.0375,EMG
56,80,19,6,0.075,EMG
57,80,20,7,0.0875,EMG
58,80,22,4,0.05,EMG
59,80,23,2,0.025,EMG
60,80,13,2,0.025,EMG
61,80,24,2,0.025,EMG
62,80,24,2,0.025,EMG
63,80,20,6,0.075,EMG
64,80,25,4,0.05,EMG
65,80,20,4,0.05,EMG
66,80,17,1,0.0125,EMG
67,80,17,4,0.05,EMG
68,80,23,5,0.0625,EMG
69,80,17,0,0.0,EMG
70,80,24,4,0.05,EMG
71,80,22,6,0.075,EMG
72,80,23,1,0.0125,EMG
73,80,22,2,0.025,EMG
74,80,26,6,0.075,EMG
75,80,21,2,0.025,EMG
76,80,23,2,0.025,EMG
77,80,22,3,0.0375,EMG
78,80,20,3,0.0375,EMG
79,80,24,5,0.0625,EMG
80,80,21,6,0.075,EMG
81,80,23,6,0.075,EMG
82,80,26,6,0.075,EMG
83,80,25,3,0.0375,EMG
84,80,23,3,0.0375,EMG
85,80,21,7,0.0875,EMG
86,80,24,2,0.025,EMG
87,80,21,5,0.0625,EMG
88,80,25,4,0.05,EMG
89,80,24,1,0.0125,EMG
90,80,18,4,0.05,EMG
91,80,22,5,0.0625,EMG
92,80,19,3,0.0375,EMG
93,80,22,7,0.0875,EMG
94,80,22,2,0.025,EMG
95,80,17,5,0.0625,EMG
96,80,22,3,0.0375,EMG
97,80,24,3,0.0375,EMG
98,80,24,3,0.0375,EMG
99,80,21,2,0.025,EMG
100,80,23,6,0.075,EMG
101,80,22,7,0.0875,EMG
102,80,19,5,0.0625,EMG
103,80,22,5,0.0625,EMG
104,80,24,3,0.0375,EMG
105,80,18,4,0.05,EMG
106,80,19,3,0.0375,EMG
107,80,25,3,0.0375,EMG
108,80,18,2,0.025,EMG
109,80,22,1,0.0125,EMG
110,80,18,3,0.0375,EMG
111,80,20,7,0.0875,EMG
112,80,22,4,0.05,EMG
113,80,26,7,0.0875,EMG
114,80,20,4,0.05,EMG
115,80,22,4,0.05,EMG
116,80,21,1,0.0125,EMG
117,80,22,5,0.0625,EMG
118,80,20,3,0.0375,EMG
119,80,23,6,0.075,EMG
120,80,24,7,0.0875,EMG
121,80,20,6,0.075,EMG
122,80,16,6,0.075,EMG
123,80,21,5,0.0625,EMG
124,80,22,5,0.0625,EMG
125,80,23,3,0.0375,EMG
126,80,23,8,0.1,EMG
127,80,22,3,0.0375,EMG
128,80,24,3,0.0375,EMG
129,80,25,6,0.075,EMG
130,80,25,4,0.05,EMG
131,80,21,1,0.0125,EMG
132,80,20,3,0.0375,EMG
133,80,19,5,0.0625,EMG
134,80,20,2,0.025,EMG
135,80,16,1,0.0125,EMG
136,80,23,7,0.0875,EMG
137,80,25,1,0.0125,EMG
138,80,20,5,0.0625,EMG
139,80,22,4,0.05,EMG
140,80,22,5,0.0625,EMG
141,80,16,2,0.025,EMG
142,80,19,4,0.05,EMG
143,80,19,1,0.0125,EMG
144,80,20,0,0.0,EMG
145,80,22,4,0.05,EMG
146,80,24,3,0.0375,EMG
147,80,21,4,0.05,EMG
148,80,22,4,0.05,EMG
149,80,20,11,0.1375,EMG
150,80,21,5,0.0625,EMG
151,80,27,2,0.025,EMG
152,80,25,9,0.1125,EMG
153,80,22,6,0.075,EMG
154,80,22,5,0.0625,EMG
155,80,23,7,0.0875,EMG
156,80,24,6,0.075,EMG
157,80,21,2,0.025,EMG
158,80,19,2,0.025,EMG
159,80,19,2,0.025,EMG
160,80,22,6,0.075,EMG
161,80,22,7,0.0875,EMG
162,80,25,3,0.0375,EMG
163,80,20,5,0.0625,EMG
164,80,22,4,0.05,EMG
165,80,19,4,0.05,EMG
166,80,22,4,0.05,EMG
167,80,24,4,0.05,EMG
168,80,20,7,0.0875,EMG
169,80,21,6,0.075,EMG
170,80,21,4,0.05,EMG
171,80,16,1,0.0125,EMG
172,80,15,4,0.05,EMG
173,80,16,3,0.0375,EMG
174,80,20,6,0.075,EMG
175,80,26,4,0.05,EMG
176,80,27,4,0.05,EMG
177,80,22,6,0.075,EMG
178,80,20,3,0.0375,EMG
179,80,22,2,0.025,EMG
180,80,27,6,0.075,EMG
181,80,24,4,0.05,EMG
182,80,25,4,0.05,EMG
183,80,22,1,0.0125,EMG
184,80,19,2,0.025,EMG
185,80,24,5,0.0625,EMG
186,80,19,5,0.0625,EMG
187,80,20,2,0.025,EMG
188,80,16,0,0.0,EMG
189,80,27,5,0.0625,EMG
190,80,21,2,0.025,EMG
191,80,25,6,0.075,EMG
192,80,20,2,0.025,EMG
193,80,26,2,0.025,EMG
194,80,25,3,0.0375,EMG
195,80,25,4,0.05,EMG
196,80,22,2,0.025,EMG
197,80,24,2,0.025,EMG
198,80,18,5,0.0625,EMG
199,80,23,4,0.05,EMG
0,80,25,3,0.0375,MULTI
1,80,22,6,0.075,MULTI
2,80,21,2,0.025,MULTI
3,80,17,5,0.0625,MULTI
4,80,22,3,0.0375,MULTI
5,80,22,8,0.1,MULTI
6,80,22,9,0.1125,MULTI
7,80,18,0,0.0,MULTI
8,80,25,6,0.075,MULTI
9,80,19,4,0.05,MULTI
10,80,23,5,0.0625,MULTI
11,80,23,2,0.025,MULTI
12,80,26,6,0.075,MULTI
13,80,27,4,0.05,MULTI
14,80,23,5,0.0625,MULTI
15,80,24,3,0.0375,MULTI
16,80,27,5,0.0625,MULTI
17,80,24,3,0.0375,MULTI
18,80,23,4,0.05,MULTI
19,80,24,0,0.0,MULTI
20,80,26,15,0.1875,MULTI
21,80,22,5,0.0625,MULTI
22,80,22,3,0.0375,MULTI
23,80,19,6,0.075,MULTI
24,80,23,5,0.0625,MULTI
25,80,20,1,0.0125,MULTI
26,80,26,4,0.05,MULTI
27,80,23,5,0.0625,MULTI
28,80,22,7,0.0875,MULTI
29,80,24,2,0.025,MULTI
30,80,23,4,0.05,MULTI
31,80,24,6,0.075,MULTI
32,80,21,6,0.075,MULTI
33,80,25,6,0.075,MULTI
34,80,26,6,0.075,MULTI
35,80,27,1,0.0125,MULTI
36,80,23,6,0.075,MULTI
37,80,21,6,0.075,MULTI
38,80,24,5,0.0625,MULTI
39,80,26,3,0.0375,MULTI
40,80,22,4,0.05,MULTI
41,80,20,2,0.025,MULTI
42,80,24,2,0.025,MULTI
43,80,24,4,0.05,MULTI
44,80,19,11,0.1375,MULTI
45,80,22,1,0.0125,MULTI
46,80,26,5,0.0625,MULTI
47,80,20,5,0.0625,MULTI
48,80,21,4,0.05,MULTI
49,80,17,4,0.05,MULTI
50,80,22,7,0.0875,MULTI
51,80,29,3,0.0375,MULTI
52,80,28,4,0.05,MULTI
53,80,21,2,0.025,MULTI
54,80,28,5,0.0625,MULTI
55,80,22,6,0.075,MULTI
56,80,26,2,0.025,MULTI
57,80,26,5,0.0625,MULTI
58,80,9,0,0.0,MULTI
59,80,22,5,0.0625,MULTI
60,80,27,6,0.075,MULTI
61,80,24,8,0.1,MULTI
62,80,20,6,0.075,MULTI
63,80,27,6,0.075,MULTI
64,80,18,1,0.0125,MULTI
65,80,17,0,0.0,MULTI
66,80,25,4,0.05,MULTI
67,80,26,4,0.05,MULTI
68,80,22,2,0.025,MULTI
69,80,23,5,0.0625,MULTI
70,80,21,2,0.025,MULTI
71,80,26,2,0.025,MULTI
72,80,21,3,0.0375,MULTI
73,80,25,4,0.05,MULTI
74,80,20,5,0.0625,MULTI
75,80,24,5,0.0625,MULTI
76,80,22,6,0.075,MULTI
77,80,24,6,0.075,MULTI
78,80,23,5,0.0625,MULTI
79,80,25,2,0.025,MULTI
80,80,22,9,0.1125,MULTI
81,80,23,2,0.025,MULTI
82,80,25,4,0.05,MULTI
83,80,23,2,0.025,MULTI
84,80,24,8,0.1,MULTI
85,80,24,6,0.075,MULTI
86,80,22,7,0.0875,MULTI
87,80,22,2,0.025,MULTI
88,80,21,7,0.0875,MULTI
89,80,24,5,0.0625,MULTI
90,80,26,8,0.1,MULTI
91,80,23,6,0.075,MULTI
92,80,23,0,0.0,MULTI
93,80,24,5,0.0625,MULTI
94,80,23,4,0.05,MULTI
95,80,24,1,0.0125,MULTI
96,80,25,3,0.0375,MULTI
97,80,22,3,0.0375,MULTI
98,80,23,4,0.05,MULTI
99,80,25,3,0.0375,MULTI
100,80,30,2,0.025,MULTI
101,80,25,3,0.0375,MULTI
102,80,25,4,0.05,MULTI
103,80,16,5,0.0625,MULTI
104,80,20,5,0.0625,MULTI
105,80,22,5,0.0625,MULTI
106,80,22,2,0.025,MULTI
107,80,26,6,0.075,MULTI
108,80,24,3,0.0375,MULTI
109,80,24,4,0.05,MULTI
110,80,24,7,0.0875,MULTI
111,80,27,2,0.025,MULTI
112,80,29,4,0.05,MULTI
113,80,24,2,0.025,MULTI
114,80,22,4,0.05,MULTI
115,80,24,5,0.0625,MULTI
116,80,25,8,0.1,MULTI
117,80,23,5,0.0625,MULTI
118,80,20,6,0.075,MULTI
119,80,26,7,0.0875,MULTI
120,80,25,3,0.0375,MULTI
121,80,26,10,0.125,MULTI
122,80,22,1,0.0125,MULTI
123,80,28,5,0.0625,MULTI
124,80,21,4,0.05,MULTI
125,80,24,4,0.05,MULTI
126,80,26,7,0.0875,MULTI
127,80,23,3,0.0375,MULTI
128,80,23,7,0.0875,MULTI
129,80,26,5,0.0625,MULTI
130,80,27,2,0.025,MULTI
131,80,25,8,0.1,MULTI
132,80,28,4,0.05,MULTI
133,80,22,3,0.0375,MULTI
134,80,25,5,0.0625,MULTI
135,80,24,4,0.05,MULTI
136,80,25,2,0.025,MULTI
137,80,22,4,0.05,MULTI
138,80,22,1,0.0125,MULTI
139,80,27,4,0.05,MULTI
140,80,22,5,0.0625,MULTI
141,80,23,4,0.05,MULTI
142,80,26,5,0.0625,MULTI
143,80,28,3,0.0375,MULTI
144,80,22,5,0.0625,MULTI
145,80,21,1,0.0125,MULTI
146,80,20,3,0.0375,MULTI
147,80,27,3,0.0375,MULTI
148,80,25,6,0.075,MULTI
149,80,24,6,0.075,MULTI
150,80,22,3,0.0375,MULTI
151,80,20,4,0.05,MULTI
152,80,22,5,0.0625,MULTI
153,80,26,5,0.0625,MULTI
154,80,24,4,0.05,MULTI
155,80,25,10,0.125,MULTI
156,80,22,3,0.0375,MULTI
157,80,24,3,0.0375,MULTI
158,80,21,3,0.0375,MULTI
159,80,26,2,0.025,MULTI
160,80,17,3,0.0375,MULTI
161,80,22,4,0.05,MULTI
162,80,24,4,0.05,MULTI
163,80,25,5,0.0625,MULTI
164,80,20,3,0.0375,MULTI
165,80,14,3,0.0375,MULTI
166,80,25,9,0.1125,MULTI
167,80,24,0,0.0,MULTI
168,80,18,3,0.0375,MULTI
169,80,20,4,0.05,MULTI
170,80,21,3,0.0375,MULTI
171,80,24,1,0.0125,MULTI
172,80,23,1,0.0125,MULTI
173,80,23,1,0.0125,MULTI
174,80,21,6,0.075,MULTI
175,80,23,8,0.1,MULTI
176,80,24,4,0.05,MULTI
177,80,21,2,0.025,MULTI
178,80,21,4,0.05,MULTI
179,80,23,5,0.0625,MULTI
180,80,24,7,0.0875,MULTI
181,80,23,6,0.075,MULTI
182,80,25,5,0.0625,MULTI
183,80,22,4,0.05,MULTI
184,80,22,3,0.0375,MULTI
185,80,25,8,0.1,MULTI
186,80,22,4,0.05,MULTI
187,80,19,2,0.025,MULTI
188,80,24,5,0.0625,MULTI
189,80,18,2,0.025,MULTI
190,80,25,3,0.0375,MULTI
191,80,23,7,0.0875,MULTI
192,80,22,6,0.075,MULTI
193,80,19,2,0.025,MULTI
194,80,25,7,0.0875,MULTI
195,80,20,1,0.0125,MULTI
196,80,26,4,0.05,MULTI
197,80,25,3,0.0375,MULTI
198,80,21,5,0.0625,MULTI
199,80,20,3,0.0375,MULTI
