subject_id,sex,age,bmi,ahi,ahi_obs,odi3,race,cluster
REDACTED,0,70,22.010833664,18.139534884,9.9418604651,17.117732558,1,0
REDACTED,0,83,21.897971817,8.3422459893,3.8502673797,9.2013368984,1,2
REDACTED,0,57,56.007175389,62.51396648,51.117318436,65.11396648,4,0
REDACTED,1,57,19.844636142,40.909090909,32.181818182,42.7,1,3
REDACTED,1,80,27.773765939,27.472527473,20.21978022,26.011355311,1,0
REDACTED,0,60,31.448357736,11.374407583,6.5402843602,16.463033175,3,0
REDACTED,0,57,23.651947205,2.7014218009,1.4218009479,3.8523696682,4,2
REDACTED,0,78,22.770550334,19.276595745,12.510638298,15.964893617,4,1
REDACTED,0,72,20.213295723,10.0,5.243902439,11.145325203,1,1
REDACTED,0,60,32.729116875,21.86746988,17.891566265,19.24186747,1,3
0033,1,77,28.831662679,70.483271375,66.468401487,69.255762082,2,0
0035,1,67,23.018223062,4.8868778281,2.7149321267,4.6334841629,4,2
0036,1,75,33.041913053,12.0,6.25,12.52,4,2
REDACTED,1,63,31.762187872,7.3267326733,3.5643564356,7.5409240924,1,4
REDACTED,0,79,26.698840607,23.410852713,19.534883721,23.308527132,1,0
0048,0,82,27.276068646,8.1215469613,4.3093922652,8.9906077348,1,0
0050,1,68,25.616689782,8.9168765743,5.1385390428,10.123425693,3,4
REDACTED,1,56,26.663304241,8.2941176471,3.5294117647,7.9223529412,3,3
0054,0,61,30.129148716,27.272727273,20.454545455,27.572727273,3,0
REDACTED,0,63,22.619672004,4.3870967742,1.5483870968,6.3264516129,3,1
